file_name,aspect_ratio,solidity,extent,top_width_ratio,hu_moment_1,century,target_shape
cropped_18651_1.jpg,0.59,1.0,0.68,0.44,0.6517,21.0,onion
cropped_18651_2.jpg,0.43,1.0,0.83,0.63,0.6323,21.0,onion
cropped_18651_3.jpg,0.92,1.0,0.8,0.7,0.7638,21.0,onion
cropped_09813_1.jpg,0.3,1.0,0.78,0.67,0.4651,21.0,onion
cropped_09813_2.jpg,0.45,1.0,0.62,0.35,0.5531,21.0,onion
cropped_09813_3.jpg,0.34,1.0,0.64,0.36,0.468,21.0,onion
cropped_12123_1.jpg,1.05,1.0,0.83,0.67,0.7636,20.0,onion
cropped_12123_2.jpg,0.47,1.0,0.68,0.18,0.6695,20.0,onion
cropped_12123_3.jpg,1.23,1.0,0.78,0.88,0.769,20.0,onion
cropped_36999_1.jpg,0.68,1.0,0.74,0.31,0.7611,NA,NA
cropped_36999_2.jpg,2.77,1.0,0.69,0.24,0.571,NA,NA
cropped_36999_3.jpg,2.9,1.0,0.75,0.38,0.5673,NA,NA
cropped_01820_1.jpg,0.42,1.0,0.71,0.37,0.58,17.0,onion
cropped_01820_2.jpg,0.62,1.0,0.93,0.99,0.7325,17.0,onion
cropped_01820_3.jpg,0.39,1.0,0.72,0.33,0.5863,17.0,onion
cropped_51033_1.jpg,1.09,1.0,0.55,0.12,0.6984,18.0,NA
cropped_51033_2.jpg,2.16,1.0,0.73,0.33,0.6389,18.0,NA
cropped_51033_3.jpg,4.09,1.0,0.87,0.8,0.4504,18.0,NA
cropped_01830_1.jpg,0.52,1.0,0.8,0.29,0.7092,20.0,onion
cropped_01830_2.jpg,NA,NA,NA,NA,NA,20.0,onion
cropped_01830_3.jpg,0.81,1.0,0.76,0.26,0.7713,20.0,onion
cropped_19843_1.jpg,1.05,1.0,0.99,0.99,0.7776,21.0,onion
cropped_19843_2.jpg,0.77,1.0,0.61,0.14,0.7468,21.0,onion
cropped_19843_3.jpg,1.81,1.0,0.69,0.58,0.693,21.0,onion
cropped_37001_1.jpg,0.6,1.0,0.55,0.12,0.6662,20.0,NA
cropped_37001_2.jpg,0.64,1.0,0.57,0.12,0.6794,20.0,NA
cropped_37001_3.jpg,NA,NA,NA,NA,NA,20.0,NA
cropped_18153_1.jpg,0.44,1.0,0.66,0.34,0.598,21.0,onion
cropped_18153_2.jpg,0.97,1.0,0.99,1.0,0.778,21.0,onion
cropped_18153_3.jpg,0.62,1.0,0.59,0.35,0.7375,21.0,onion
cropped_16725_1.jpg,2.02,1.0,0.92,0.91,0.6686,21.0,helmet
cropped_16725_2.jpg,1.7,1.0,0.93,0.89,0.7155,21.0,helmet
cropped_16725_3.jpg,1.53,1.0,0.6,0.19,0.7344,21.0,helmet
cropped_08239_1.jpg,1.04,1.0,0.99,1.0,0.7778,19.0,onion
cropped_08239_2.jpg,0.48,1.0,0.58,0.21,0.6663,19.0,onion
cropped_08239_3.jpg,0.44,1.0,0.69,0.17,0.6495,19.0,onion
cropped_50389_1.jpg,1.0,1.0,0.99,1.0,0.7782,21.0,helmet
cropped_50389_2.jpg,1.62,1.0,0.75,0.56,0.7285,21.0,helmet
cropped_50389_3.jpg,1.2,1.0,0.99,1.0,0.7711,21.0,helmet
cropped_10671_1.jpg,0.69,1.0,0.69,0.24,0.7053,20.0,onion
cropped_10671_2.jpg,0.55,1.0,0.67,0.26,0.658,20.0,onion
cropped_10671_3.jpg,0.5,1.0,0.73,0.26,0.6674,20.0,onion
cropped_12153_1.jpg,0.88,1.0,0.68,0.31,0.7461,21.0,onion
cropped_12153_2.jpg,0.68,1.0,0.49,0.11,0.6579,21.0,onion
cropped_12153_3.jpg,0.62,1.0,0.49,0.09,0.6374,21.0,onion
cropped_28367_1.jpg,1.3,1.0,0.99,1.0,0.7636,21.0,helmet
cropped_28367_2.jpg,1.3,1.0,0.88,0.75,0.7731,21.0,helmet
cropped_28367_3.jpg,2.65,1.0,0.63,0.39,0.4823,21.0,helmet
cropped_11927_1.jpg,0.81,1.0,0.57,0.19,0.6995,21.0,onion
cropped_11927_2.jpg,0.44,1.0,0.64,0.24,0.5794,21.0,onion
cropped_11927_3.jpg,0.58,1.0,0.53,0.13,0.6316,21.0,onion
cropped_12127_1.jpg,0.4,1.0,0.7,0.43,0.5454,21.0,onion
cropped_12127_2.jpg,0.68,1.0,0.73,0.96,0.7337,21.0,onion
cropped_12127_3.jpg,0.22,1.0,0.63,0.82,0.3467,21.0,onion
cropped_19641_1.jpg,1.11,1.0,0.58,0.2,0.7369,21.0,onion
cropped_19641_2.jpg,1.14,1.0,0.6,0.23,0.738,21.0,onion
cropped_19641_3.jpg,0.9,1.0,0.68,0.34,0.7489,21.0,onion
cropped_07626_1.jpg,0.64,1.0,0.57,0.21,0.6506,20.0,onion
cropped_07626_2.jpg,0.37,1.0,0.61,0.32,0.4706,20.0,onion
cropped_07626_3.jpg,0.54,1.0,0.49,0.11,0.6003,20.0,onion
cropped_04595_1.jpg,0.59,1.0,0.68,0.18,0.7151,19.0,onion
cropped_04595_2.jpg,0.84,1.0,0.61,0.39,0.7561,19.0,onion
cropped_04595_3.jpg,1.85,1.0,0.83,0.71,0.704,19.0,onion
cropped_43777_1.jpg,0.51,1.0,0.71,0.2,0.7048,20.0,onion
cropped_43777_2.jpg,0.92,1.0,0.87,0.77,0.7821,20.0,onion
cropped_43777_3.jpg,NA,NA,NA,NA,NA,20.0,onion
cropped_12106_1.jpg,0.78,1.0,0.63,0.2,0.7703,20.0,onion
cropped_12106_2.jpg,1.5,1.0,0.85,0.63,0.7609,20.0,onion
cropped_12106_3.jpg,0.53,1.0,0.78,0.32,0.7046,20.0,onion
cropped_12139_1.jpg,0.74,1.0,0.81,0.39,0.7636,21.0,onion
cropped_12139_2.jpg,0.94,1.0,0.79,0.61,0.774,21.0,onion
cropped_12139_3.jpg,0.37,1.0,0.7,0.43,0.5437,21.0,onion
cropped_04583_1.jpg,1.11,1.0,0.59,0.23,0.7038,21.0,helmet
cropped_04583_2.jpg,1.0,1.0,0.99,1.0,0.7781,21.0,helmet
cropped_04583_3.jpg,0.61,1.0,0.55,0.13,0.6593,21.0,helmet
cropped_00151_1.jpg,2.96,1.0,0.76,0.29,0.5295,15.0,helmet
cropped_00151_2.jpg,1.01,1.0,0.66,0.17,0.776,15.0,helmet
cropped_00151_3.jpg,0.87,1.0,0.66,0.22,0.7786,15.0,helmet
cropped_39088_1.jpg,0.58,1.0,0.58,0.2,0.6495,17.0,NA
cropped_39088_2.jpg,1.14,1.0,0.62,0.14,0.7159,17.0,NA
cropped_39088_3.jpg,1.15,1.0,0.58,0.16,0.7334,17.0,NA
cropped_05899_1.jpg,0.91,1.0,0.57,0.12,0.7277,18.0,onion
cropped_05899_2.jpg,0.4,1.0,0.62,0.42,0.5827,18.0,onion
cropped_05899_3.jpg,0.4,1.0,0.62,0.42,0.5827,18.0,onion
cropped_49421_1.jpg,1.16,1.0,0.6,0.29,0.7407,18.0,NA
cropped_49421_2.jpg,1.08,1.0,0.69,0.25,0.7644,18.0,NA
cropped_49421_3.jpg,NA,NA,NA,NA,NA,18.0,NA
cropped_62596_1.jpg,0.41,1.0,0.7,0.22,0.6338,21.0,onion
cropped_62596_2.jpg,0.62,1.0,0.65,0.23,0.6824,21.0,onion
cropped_62596_3.jpg,0.81,1.0,0.56,0.17,0.7034,21.0,onion
cropped_05165_1.jpg,1.18,1.0,0.99,1.0,0.7725,19.0,helmet
cropped_05165_2.jpg,0.98,1.0,0.53,0.11,0.7225,19.0,helmet
cropped_05165_3.jpg,1.38,1.0,0.99,0.99,0.7558,19.0,helmet
cropped_00650_1.jpg,0.9,1.0,0.55,0.12,0.733,19.0,NA
cropped_00650_2.jpg,0.82,1.0,0.78,0.99,0.7739,19.0,NA
cropped_00650_3.jpg,1.85,1.0,0.73,0.36,0.697,19.0,NA
cropped_35292_1.jpg,1.55,1.0,0.52,0.15,0.7076,NA,onion
cropped_35292_2.jpg,1.4,1.0,0.8,0.53,0.7573,NA,onion
cropped_35292_3.jpg,0.93,1.0,0.72,0.19,0.7713,NA,onion
cropped_51288_1.jpg,1.36,1.0,0.62,0.28,0.7494,NA,NA
cropped_51288_2.jpg,1.38,1.0,0.81,0.65,0.7652,NA,NA
cropped_51288_3.jpg,1.03,1.0,0.76,0.32,0.7799,NA,NA
cropped_51289_1.jpg,0.71,1.0,0.66,0.33,0.7261,NA,onion
cropped_51289_2.jpg,NA,NA,NA,NA,NA,NA,onion
cropped_51289_3.jpg,NA,NA,NA,NA,NA,NA,onion
cropped_35285_1.jpg,0.54,1.0,0.62,0.27,0.6154,21.0,onion
cropped_35285_2.jpg,0.5,1.0,0.99,0.99,0.6795,21.0,onion
cropped_35285_3.jpg,0.55,1.0,0.98,0.99,0.707,21.0,onion
cropped_00521_1.jpg,0.69,1.0,0.57,0.18,0.7254,NA,onion
cropped_00521_2.jpg,0.54,1.0,0.69,0.35,0.6583,NA,onion
cropped_00521_3.jpg,0.38,1.0,0.55,0.21,0.5652,NA,onion
cropped_11437_1.jpg,0.64,1.0,0.7,0.2,0.7208,20.0,onion
cropped_11437_2.jpg,0.84,1.0,0.71,0.64,0.7104,20.0,onion
cropped_11437_3.jpg,1.14,1.0,0.72,0.29,0.7405,20.0,onion
cropped_00382_1.jpg,1.27,1.0,0.74,0.6,0.7734,18.0,onion
cropped_00382_2.jpg,0.65,1.0,0.57,0.14,0.7315,18.0,onion
cropped_00382_3.jpg,0.68,1.0,0.64,0.15,0.7375,18.0,onion
cropped_35328_1.jpg,1.24,1.0,0.84,0.76,0.7701,18.0,NA
cropped_35328_2.jpg,NA,NA,NA,NA,NA,18.0,NA
cropped_35328_3.jpg,NA,NA,NA,NA,NA,18.0,NA
cropped_35329_1.jpg,0.38,1.0,0.66,0.3,0.57,18.0,NA
cropped_35329_2.jpg,0.98,1.0,0.56,0.14,0.7292,18.0,NA
cropped_35329_3.jpg,NA,NA,NA,NA,NA,18.0,NA
cropped_05961_1.jpg,0.38,1.0,0.61,0.15,0.5563,19.0,NA
cropped_05961_2.jpg,0.34,1.0,0.86,0.97,0.5195,19.0,NA
cropped_05961_3.jpg,0.53,1.0,0.97,1.0,0.7029,19.0,NA
cropped_05897_1.jpg,0.37,1.0,0.66,0.35,0.508,16.0,onion
cropped_05897_2.jpg,1.2,1.0,0.63,0.16,0.7535,16.0,onion
cropped_05897_3.jpg,0.49,1.0,0.6,0.13,0.6285,16.0,onion
cropped_00651_1.jpg,0.49,1.0,0.61,0.32,0.5742,18.0,NA
cropped_00651_2.jpg,0.35,1.0,0.62,0.36,0.4626,18.0,NA
cropped_00651_3.jpg,0.6,1.0,0.58,0.26,0.6262,18.0,NA
cropped_05900_1.jpg,1.0,1.0,0.57,0.24,0.7252,18.0,onion
cropped_05900_2.jpg,1.1,1.0,0.71,0.21,0.7575,18.0,onion
cropped_05900_3.jpg,0.91,1.0,0.57,0.17,0.7157,18.0,onion
cropped_05164_1.jpg,1.73,1.0,0.77,0.8,0.7233,19.0,onion
cropped_05164_2.jpg,0.78,1.0,0.93,0.99,0.7634,19.0,onion
cropped_05164_3.jpg,0.62,1.0,0.98,1.0,0.735,19.0,onion
cropped_27615_1.jpg,0.99,1.0,0.67,0.28,0.7722,21.0,helmet
cropped_27615_2.jpg,0.78,1.0,0.82,0.36,0.7773,21.0,helmet
cropped_27615_3.jpg,0.67,1.0,0.58,0.12,0.7044,21.0,helmet
cropped_05960_1.jpg,1.06,1.0,0.7,0.28,0.7445,20.0,onion
cropped_05960_2.jpg,0.71,1.0,0.9,0.99,0.755,20.0,onion
cropped_05960_3.jpg,0.62,1.0,0.76,0.45,0.7089,20.0,onion
cropped_00648_1.jpg,0.49,1.0,0.63,0.15,0.6628,17.0,tent
cropped_00648_2.jpg,0.72,1.0,0.81,0.97,0.7306,17.0,tent
cropped_00648_3.jpg,0.48,1.0,0.99,0.99,0.6695,17.0,tent
cropped_11705_1.jpg,0.52,1.0,0.78,0.4,0.6861,17.0,NA
cropped_11705_2.jpg,0.58,1.0,0.99,1.0,0.7172,17.0,NA
cropped_11705_3.jpg,0.57,1.0,1.0,1.0,0.7114,17.0,NA
cropped_54375_1.jpg,2.1,1.0,0.67,0.28,0.657,21.0,onion
cropped_54375_2.jpg,1.56,1.0,0.69,0.34,0.7363,21.0,onion
cropped_54375_3.jpg,2.36,1.0,0.72,0.26,0.6227,21.0,onion
cropped_35254_1.jpg,1.47,1.0,0.84,0.62,0.7394,18.0,tent
cropped_35254_2.jpg,0.38,1.0,0.65,0.15,0.5918,18.0,tent
cropped_35254_3.jpg,NA,NA,NA,NA,NA,18.0,tent
cropped_00152_1.jpg,0.89,1.0,0.67,0.16,0.7653,15.0,onion
cropped_00152_2.jpg,0.94,1.0,0.65,0.15,0.7573,15.0,onion
cropped_00152_3.jpg,0.67,1.0,0.64,0.74,0.6866,15.0,onion
cropped_03088_1.jpg,0.51,1.0,0.63,0.14,0.6719,18.0,onion
cropped_03088_2.jpg,0.72,1.0,0.71,0.21,0.7678,18.0,onion
cropped_03088_3.jpg,0.64,1.0,0.65,0.22,0.7376,18.0,onion
cropped_09446_1.jpg,0.4,1.0,0.7,0.36,0.5871,19.0,onion
cropped_09446_2.jpg,0.74,1.0,0.64,0.25,0.7559,19.0,onion
cropped_09446_3.jpg,0.36,1.0,0.67,0.36,0.544,19.0,onion
cropped_39983_1.jpg,0.31,1.0,0.68,0.25,0.532,NA,onion
cropped_39983_2.jpg,0.65,1.0,0.78,0.49,0.7183,NA,onion
cropped_39983_3.jpg,1.37,1.0,0.81,0.83,0.771,NA,onion
cropped_05167_1.jpg,0.84,1.0,0.65,0.17,0.7638,17.0,onion
cropped_05167_2.jpg,3.0,1.0,0.77,0.96,0.5573,17.0,onion
cropped_05167_3.jpg,1.07,1.0,0.72,0.28,0.7883,17.0,onion
cropped_05166_1.jpg,0.54,1.0,0.67,0.18,0.6792,16.0,onion
cropped_05166_2.jpg,0.53,1.0,0.65,0.2,0.6533,16.0,onion
cropped_05166_3.jpg,0.88,1.0,0.84,0.56,0.7783,16.0,onion
cropped_03090_1.jpg,0.63,1.0,0.99,1.0,0.7344,19.0,onion
cropped_03090_2.jpg,0.61,1.0,0.6,0.14,0.7097,19.0,onion
cropped_03090_3.jpg,0.56,1.0,0.66,0.14,0.7099,19.0,onion
cropped_03110_1.jpg,0.64,1.0,0.55,0.15,0.6682,18.0,NA
cropped_03110_2.jpg,0.65,1.0,0.99,1.0,0.7393,18.0,NA
cropped_03110_3.jpg,0.99,1.0,0.77,0.46,0.7829,18.0,NA
cropped_00388_1.jpg,0.4,1.0,0.68,0.92,0.5255,17.0,tent
cropped_00388_2.jpg,2.14,1.0,0.83,0.38,0.641,17.0,tent
cropped_00388_3.jpg,0.92,1.0,0.69,0.78,0.7543,17.0,tent
cropped_35291_1.jpg,0.45,1.0,0.91,0.98,0.6453,18.0,tent
cropped_35291_2.jpg,1.1,1.0,0.82,0.72,0.7789,18.0,tent
cropped_35291_3.jpg,NA,NA,NA,NA,NA,18.0,tent
cropped_00649_1.jpg,0.67,1.0,0.6,0.26,0.7455,17.0,onion
cropped_00649_2.jpg,0.45,1.0,0.56,0.16,0.6619,17.0,onion
cropped_00649_3.jpg,0.77,1.0,0.65,0.16,0.7611,17.0,onion
cropped_39856_1.jpg,1.6,1.0,0.79,0.61,0.7376,18.0,NA
cropped_39856_2.jpg,0.45,1.0,0.73,0.35,0.6262,18.0,NA
cropped_39856_3.jpg,0.65,1.0,0.76,0.51,0.7099,18.0,NA
cropped_05901_1.jpg,1.23,1.0,0.6,0.24,0.7301,18.0,onion
cropped_05901_2.jpg,2.43,1.0,0.5,0.12,0.6008,18.0,onion
cropped_05901_3.jpg,0.89,1.0,0.85,0.62,0.7615,18.0,onion
cropped_18678_1.jpg,1.69,1.0,0.84,0.4,0.6828,21.0,onion
cropped_18678_2.jpg,0.6,1.0,0.73,0.55,0.673,21.0,onion
cropped_18678_3.jpg,0.57,1.0,0.65,0.27,0.6537,21.0,onion
cropped_03052_1.jpg,0.68,1.0,0.94,1.0,0.7553,17.0,tent
cropped_03052_2.jpg,0.81,1.0,0.99,1.0,0.7683,17.0,tent
cropped_03052_3.jpg,0.99,1.0,0.69,0.43,0.771,17.0,tent
cropped_35253_1.jpg,1.85,1.0,0.79,0.3,0.6832,20.0,onion
cropped_35253_2.jpg,1.07,1.0,0.7,0.24,0.7669,20.0,onion
cropped_35253_3.jpg,6.32,1.0,0.87,0.99,0.2158,20.0,onion
cropped_17879_1.jpg,0.74,1.0,0.54,0.11,0.6901,18.0,onion
cropped_17879_2.jpg,0.65,1.0,0.59,0.13,0.6954,18.0,onion
cropped_17879_3.jpg,4.59,1.0,0.63,0.21,0.2791,18.0,onion
cropped_35293_1.jpg,1.28,1.0,0.74,0.4,0.76,18.0,onion
cropped_35293_2.jpg,NA,NA,NA,NA,NA,18.0,onion
cropped_35293_3.jpg,NA,NA,NA,NA,NA,18.0,onion
cropped_00434_1.jpg,1.25,1.0,0.8,0.25,0.7597,16.0,tent
cropped_00434_2.jpg,1.49,1.0,0.79,0.29,0.7266,16.0,tent
cropped_00434_3.jpg,1.12,1.0,0.52,0.14,0.7069,16.0,tent
cropped_05695_1.jpg,0.51,1.0,0.9,0.64,0.6845,19.0,NA
cropped_05695_2.jpg,0.42,1.0,0.57,0.16,0.6173,19.0,NA
cropped_05695_3.jpg,0.48,1.0,0.53,0.13,0.5945,19.0,NA
cropped_17877_1.jpg,0.74,1.0,0.99,0.99,0.7594,21.0,onion
cropped_17877_2.jpg,0.86,1.0,0.71,0.33,0.7827,21.0,onion
cropped_17877_3.jpg,0.5,1.0,0.92,0.99,0.694,21.0,onion
cropped_00443_1.jpg,0.53,1.0,0.93,1.0,0.7007,18.0,NA
cropped_00443_2.jpg,0.56,1.0,0.93,1.0,0.7055,18.0,NA
cropped_00443_3.jpg,0.61,1.0,0.76,0.34,0.7075,18.0,NA
cropped_00435_1.jpg,0.97,1.0,0.61,0.14,0.7596,16.0,NA
cropped_00435_2.jpg,NA,NA,NA,NA,NA,16.0,NA
cropped_00435_3.jpg,NA,NA,NA,NA,NA,16.0,NA
cropped_62036_1.jpg,NA,NA,NA,NA,NA,18.0,NA
cropped_62036_2.jpg,NA,NA,NA,NA,NA,18.0,NA
cropped_62036_3.jpg,NA,NA,NA,NA,NA,18.0,NA
cropped_05686_1.jpg,0.85,1.0,0.59,0.13,0.7541,16.0,onion
cropped_05686_2.jpg,0.88,1.0,0.63,0.15,0.7658,16.0,onion
cropped_05686_3.jpg,2.01,1.0,0.82,0.34,0.6654,16.0,onion
cropped_00437_1.jpg,0.87,1.0,0.61,0.16,0.7772,18.0,onion
cropped_00437_2.jpg,1.14,1.0,0.99,1.0,0.7742,18.0,onion
cropped_00437_3.jpg,0.86,1.0,0.98,0.99,0.7728,18.0,onion
cropped_60094_1.jpg,0.33,1.0,0.83,0.36,0.5727,18.0,onion
cropped_60094_2.jpg,NA,NA,NA,NA,NA,18.0,onion
cropped_60094_3.jpg,NA,NA,NA,NA,NA,18.0,onion
cropped_09455_1.jpg,0.94,1.0,0.88,0.76,0.7687,18.0,onion
cropped_09455_2.jpg,0.76,1.0,0.97,0.89,0.7655,18.0,onion
cropped_09455_3.jpg,0.84,1.0,0.93,0.92,0.7753,18.0,onion
cropped_62063_1.jpg,2.13,1.0,0.58,0.28,0.653,18.0,NA
cropped_62063_2.jpg,NA,NA,NA,NA,NA,18.0,NA
cropped_62063_3.jpg,NA,NA,NA,NA,NA,18.0,NA
cropped_61930_1.jpg,1.75,1.0,0.61,0.29,0.685,19.0,NA
cropped_61930_2.jpg,NA,NA,NA,NA,NA,19.0,NA
cropped_61930_3.jpg,NA,NA,NA,NA,NA,19.0,NA
cropped_05691_1.jpg,0.93,1.0,0.71,0.72,0.7733,18.0,onion
cropped_05691_2.jpg,0.72,1.0,0.62,0.17,0.7161,18.0,onion
cropped_05691_3.jpg,0.93,1.0,0.56,0.11,0.729,18.0,onion
cropped_22326_1.jpg,0.74,1.0,0.76,0.45,0.7565,18.0,onion
cropped_22326_2.jpg,1.0,1.0,0.99,1.0,0.7801,18.0,onion
cropped_22326_3.jpg,0.72,1.0,0.57,0.35,0.7001,18.0,onion
cropped_60850_1.jpg,0.66,1.0,0.81,0.37,0.7519,18.0,NA
cropped_60850_2.jpg,NA,NA,NA,NA,NA,18.0,NA
cropped_60850_3.jpg,NA,NA,NA,NA,NA,18.0,NA
cropped_05685_1.jpg,0.73,1.0,0.54,0.11,0.6958,16.0,tent
cropped_05685_2.jpg,0.73,1.0,0.93,1.0,0.7621,16.0,tent
cropped_05685_3.jpg,0.64,1.0,0.61,0.13,0.6986,16.0,tent
cropped_17878_1.jpg,0.86,1.0,0.67,0.22,0.7578,21.0,onion
cropped_17878_2.jpg,0.54,1.0,0.85,0.83,0.6837,21.0,onion
cropped_17878_3.jpg,NA,NA,NA,NA,NA,21.0,onion
cropped_00232_1.jpg,0.63,1.0,0.63,0.14,0.7205,14.0,onion
cropped_00232_2.jpg,0.82,1.0,0.64,0.16,0.7502,14.0,onion
cropped_00232_3.jpg,0.48,1.0,0.63,0.15,0.6641,14.0,onion
cropped_00444_1.jpg,0.49,1.0,0.61,0.18,0.6787,17.0,onion
cropped_00444_2.jpg,0.54,1.0,0.62,0.28,0.6844,17.0,onion
cropped_00444_3.jpg,0.65,1.0,0.99,0.99,0.7372,17.0,onion
cropped_62013_1.jpg,0.73,1.0,0.87,0.97,0.7571,18.0,NA
cropped_62013_2.jpg,NA,NA,NA,NA,NA,18.0,NA
cropped_62013_3.jpg,NA,NA,NA,NA,NA,18.0,NA
cropped_56174_1.jpg,NA,NA,NA,NA,NA,21.0,NA
cropped_56174_2.jpg,NA,NA,NA,NA,NA,21.0,NA
cropped_56174_3.jpg,NA,NA,NA,NA,NA,21.0,NA
cropped_05688_1.jpg,0.67,1.0,0.99,1.0,0.7442,16.0,onion
cropped_05688_2.jpg,0.61,1.0,0.98,0.99,0.7281,16.0,onion
cropped_05688_3.jpg,0.67,1.0,0.57,0.22,0.657,16.0,onion
cropped_33960_1.jpg,1.48,1.0,0.99,1.0,0.7454,17.0,tent
cropped_33960_2.jpg,0.97,1.0,0.89,0.99,0.7772,17.0,tent
cropped_33960_3.jpg,1.58,1.0,0.99,1.0,0.7342,17.0,tent
cropped_03239_1.jpg,0.52,1.0,0.54,0.13,0.6336,21.0,tent
cropped_03239_2.jpg,0.66,1.0,0.99,1.0,0.7407,21.0,tent
cropped_03239_3.jpg,0.59,1.0,0.69,0.23,0.7191,21.0,tent
cropped_61578_1.jpg,0.58,1.0,0.85,0.56,0.7219,21.0,onion
cropped_61578_2.jpg,1.75,1.0,0.6,0.32,0.7167,21.0,onion
cropped_61578_3.jpg,NA,NA,NA,NA,NA,21.0,onion
cropped_61888_1.jpg,2.54,1.0,0.71,0.26,0.6102,18.0,NA
cropped_61888_2.jpg,NA,NA,NA,NA,NA,18.0,NA
cropped_61888_3.jpg,NA,NA,NA,NA,NA,18.0,NA
cropped_03271_1.jpg,0.63,1.0,0.78,0.97,0.696,17.0,onion
cropped_03271_2.jpg,1.04,1.0,0.85,0.99,0.759,17.0,onion
cropped_03271_3.jpg,0.79,1.0,0.99,1.0,0.7658,17.0,onion
cropped_43728_1.jpg,1.1,1.0,0.71,0.17,0.7568,18.0,onion
cropped_43728_2.jpg,NA,NA,NA,NA,NA,18.0,onion
cropped_43728_3.jpg,NA,NA,NA,NA,NA,18.0,onion
cropped_05700_1.jpg,1.07,1.0,0.57,0.19,0.724,17.0,onion
cropped_05700_2.jpg,0.41,1.0,0.6,0.27,0.6189,17.0,onion
cropped_05700_3.jpg,0.67,1.0,0.77,0.28,0.7399,17.0,onion
cropped_43204_1.jpg,NA,NA,NA,NA,NA,18.0,NA
cropped_43204_2.jpg,NA,NA,NA,NA,NA,18.0,NA
cropped_43204_3.jpg,NA,NA,NA,NA,NA,18.0,NA
cropped_00596_1.jpg,0.78,1.0,0.61,0.16,0.7269,14.0,onion
cropped_00596_2.jpg,0.89,1.0,0.66,0.18,0.78,14.0,onion
cropped_00596_3.jpg,0.63,1.0,0.94,0.99,0.7379,14.0,onion
cropped_05709_1.jpg,0.62,1.0,0.71,0.31,0.7032,17.0,onion
cropped_05709_2.jpg,0.54,1.0,0.65,0.17,0.7005,17.0,onion
cropped_05709_3.jpg,0.45,1.0,0.99,1.0,0.6521,17.0,onion
cropped_00605_1.jpg,0.43,1.0,0.99,1.0,0.6373,18.0,onion
cropped_00605_2.jpg,0.49,1.0,0.67,0.19,0.6795,18.0,onion
cropped_00605_3.jpg,0.34,1.0,0.72,0.22,0.5735,18.0,onion
cropped_00594_1.jpg,1.53,1.0,0.66,0.27,0.7133,10.0,onion
cropped_00594_2.jpg,0.8,1.0,0.62,0.16,0.7451,10.0,onion
cropped_00594_3.jpg,0.59,1.0,0.66,0.24,0.7329,10.0,onion
cropped_00591_1.jpg,0.67,1.0,0.67,0.18,0.7434,17.0,onion
cropped_00591_2.jpg,0.74,1.0,0.68,0.18,0.7611,17.0,onion
cropped_00591_3.jpg,1.12,1.0,0.66,0.5,0.7709,17.0,onion
cropped_07349_1.jpg,0.46,1.0,0.69,0.26,0.6589,17.0,onion
cropped_07349_2.jpg,0.79,1.0,0.67,0.26,0.7449,17.0,onion
cropped_07349_3.jpg,0.78,1.0,0.67,0.18,0.7742,17.0,onion
cropped_00226_1.jpg,0.58,1.0,0.52,0.17,0.618,14.0,tent
cropped_00226_2.jpg,0.57,1.0,0.97,0.99,0.706,14.0,tent
cropped_00226_3.jpg,0.67,1.0,1.0,1.0,0.7441,14.0,tent
cropped_43140_1.jpg,NA,NA,NA,NA,NA,18.0,onion
cropped_43140_2.jpg,NA,NA,NA,NA,NA,18.0,onion
cropped_43140_3.jpg,NA,NA,NA,NA,NA,18.0,onion
cropped_06575_1.jpg,NA,NA,NA,NA,NA,19.0,NA
cropped_06575_2.jpg,NA,NA,NA,NA,NA,19.0,NA
cropped_06575_3.jpg,NA,NA,NA,NA,NA,19.0,NA
cropped_43120_1.jpg,NA,NA,NA,NA,NA,19.0,NA
cropped_43120_2.jpg,NA,NA,NA,NA,NA,19.0,NA
cropped_43120_3.jpg,NA,NA,NA,NA,NA,19.0,NA
cropped_00588_1.jpg,0.55,1.0,0.59,0.18,0.6855,17.0,onion
cropped_00588_2.jpg,0.39,1.0,0.98,0.99,0.6105,17.0,onion
cropped_00588_3.jpg,0.79,1.0,0.64,0.17,0.757,17.0,onion
cropped_43267_1.jpg,NA,NA,NA,NA,NA,18.0,onion
cropped_43267_2.jpg,NA,NA,NA,NA,NA,18.0,onion
cropped_43267_3.jpg,NA,NA,NA,NA,NA,18.0,onion
cropped_00601_1.jpg,0.52,1.0,0.56,0.27,0.6317,18.0,tent
cropped_00601_2.jpg,0.66,1.0,0.99,1.0,0.7414,18.0,tent
cropped_00601_3.jpg,0.7,1.0,0.96,1.0,0.7569,18.0,tent
cropped_04634_1.jpg,3.63,1.0,0.7,0.26,0.4307,18.0,onion
cropped_04634_2.jpg,NA,NA,NA,NA,NA,18.0,onion
cropped_04634_3.jpg,NA,NA,NA,NA,NA,18.0,onion
cropped_00224_1.jpg,0.71,1.0,0.98,1.0,0.7544,16.0,onion
cropped_00224_2.jpg,1.03,1.0,0.64,0.18,0.7602,16.0,onion
cropped_00224_3.jpg,0.69,1.0,0.84,0.55,0.7494,16.0,onion
cropped_05701_1.jpg,0.83,1.0,1.0,1.0,0.7703,17.0,helmet
cropped_05701_2.jpg,1.34,1.0,0.53,0.11,0.7169,17.0,helmet
cropped_05701_3.jpg,0.94,1.0,0.84,0.7,0.7702,17.0,helmet
cropped_00595_1.jpg,0.77,1.0,0.99,1.0,0.7634,16.0,onion
cropped_00595_2.jpg,1.95,1.0,0.82,0.58,0.6817,16.0,onion
cropped_00595_3.jpg,0.53,1.0,0.98,0.99,0.6944,16.0,onion
cropped_05697_1.jpg,0.42,1.0,0.69,0.2,0.6372,17.0,onion
cropped_05697_2.jpg,0.88,1.0,0.99,1.0,0.7745,17.0,onion
cropped_05697_3.jpg,0.37,1.0,0.68,0.25,0.5837,17.0,onion
cropped_00589_1.jpg,0.66,1.0,0.95,0.99,0.7486,17.0,onion
cropped_00589_2.jpg,0.65,1.0,0.95,0.99,0.744,17.0,onion
cropped_00589_3.jpg,0.58,1.0,0.92,1.0,0.7145,17.0,onion
cropped_43250_1.jpg,0.53,1.0,0.6,0.21,0.7012,17.0,onion
cropped_43250_2.jpg,NA,NA,NA,NA,NA,17.0,onion
cropped_43250_3.jpg,NA,NA,NA,NA,NA,17.0,onion
cropped_47323_1.jpg,5.93,1.0,0.88,0.86,0.2756,NA,NA
cropped_47323_2.jpg,1.06,1.0,0.58,0.15,0.7306,NA,NA
cropped_47323_3.jpg,2.11,1.0,0.72,0.4,0.6345,NA,NA
cropped_00600_1.jpg,0.65,1.0,0.72,0.19,0.7395,18.0,onion
cropped_00600_2.jpg,0.75,1.0,0.99,1.0,0.7597,18.0,onion
cropped_00600_3.jpg,0.6,1.0,0.99,0.99,0.7247,18.0,onion
cropped_40125_1.jpg,2.18,1.0,0.62,0.16,0.6383,19.0,NA
cropped_40125_2.jpg,NA,NA,NA,NA,NA,19.0,NA
cropped_40125_3.jpg,NA,NA,NA,NA,NA,19.0,NA
cropped_04149_1.jpg,0.71,1.0,0.97,1.0,0.7571,19.0,onion
cropped_04149_2.jpg,0.81,1.0,0.74,0.32,0.7601,19.0,onion
cropped_04149_3.jpg,1.37,1.0,0.73,0.35,0.7442,19.0,onion
cropped_06581_1.jpg,1.51,1.0,0.67,0.16,0.7136,19.0,onion
cropped_06581_2.jpg,1.69,1.0,0.78,0.24,0.7005,19.0,onion
cropped_06581_3.jpg,1.39,1.0,0.79,0.65,0.7519,19.0,onion
cropped_06573_1.jpg,1.26,1.0,0.65,0.16,0.6952,18.0,NA
cropped_06573_2.jpg,NA,NA,NA,NA,NA,18.0,NA
cropped_06573_3.jpg,NA,NA,NA,NA,NA,18.0,NA
cropped_00090_1.jpg,1.0,1.0,0.99,0.99,0.7782,17.0,helmet
cropped_00090_2.jpg,0.7,1.0,0.58,0.21,0.724,17.0,helmet
cropped_00090_3.jpg,1.24,1.0,0.54,0.19,0.7434,17.0,helmet
cropped_44892_1.jpg,0.76,1.0,0.88,0.63,0.7695,21.0,onion
cropped_44892_2.jpg,1.06,1.0,0.76,0.35,0.7683,21.0,onion
cropped_44892_3.jpg,0.74,1.0,0.66,0.42,0.6953,21.0,onion
cropped_40638_1.jpg,NA,NA,NA,NA,NA,20.0,NA
cropped_40638_2.jpg,NA,NA,NA,NA,NA,20.0,NA
cropped_40638_3.jpg,NA,NA,NA,NA,NA,20.0,NA
cropped_14750_1.jpg,0.5,1.0,0.96,0.99,0.685,19.0,onion
cropped_14750_2.jpg,0.56,1.0,0.99,0.99,0.7093,19.0,onion
cropped_14750_3.jpg,0.47,1.0,0.99,0.99,0.6625,19.0,onion
cropped_49519_1.jpg,1.05,1.0,0.7,0.24,0.7565,17.0,helmet
cropped_49519_2.jpg,NA,NA,NA,NA,NA,17.0,helmet
cropped_49519_3.jpg,NA,NA,NA,NA,NA,17.0,helmet
cropped_04148_1.jpg,2.06,1.0,0.78,0.55,0.6963,20.0,onion
cropped_04148_2.jpg,0.48,1.0,0.98,1.0,0.6711,20.0,onion
cropped_04148_3.jpg,0.65,1.0,0.79,0.34,0.7369,20.0,onion
cropped_06220_1.jpg,1.88,1.0,0.78,0.86,0.714,20.0,NA
cropped_06220_2.jpg,NA,NA,NA,NA,NA,20.0,NA
cropped_06220_3.jpg,NA,NA,NA,NA,NA,20.0,NA
cropped_53410_1.jpg,NA,NA,NA,NA,NA,18.0,NA
cropped_53410_2.jpg,NA,NA,NA,NA,NA,18.0,NA
cropped_53410_3.jpg,NA,NA,NA,NA,NA,18.0,NA
cropped_61770_1.jpg,NA,NA,NA,NA,NA,18.0,NA
cropped_61770_2.jpg,NA,NA,NA,NA,NA,18.0,NA
cropped_61770_3.jpg,NA,NA,NA,NA,NA,18.0,NA
cropped_03961_1.jpg,0.84,1.0,0.89,0.64,0.7675,16.0,onion
cropped_03961_2.jpg,0.88,1.0,0.59,0.31,0.7362,16.0,onion
cropped_03961_3.jpg,0.83,1.0,0.97,1.0,0.7719,16.0,onion
cropped_26312_1.jpg,0.59,1.0,0.79,0.3,0.7373,19.0,onion
cropped_26312_2.jpg,NA,NA,NA,NA,NA,19.0,onion
cropped_26312_3.jpg,NA,NA,NA,NA,NA,19.0,onion
cropped_01122_1.jpg,0.84,1.0,0.75,0.36,0.7598,19.0,tent
cropped_01122_2.jpg,0.88,1.0,0.77,0.25,0.7772,19.0,tent
cropped_01122_3.jpg,0.67,1.0,0.95,0.99,0.7516,19.0,tent
cropped_13985_1.jpg,1.01,1.0,0.62,0.34,0.7333,21.0,onion
cropped_13985_2.jpg,1.59,1.0,0.84,0.74,0.7371,21.0,onion
cropped_13985_3.jpg,1.08,1.0,0.61,0.34,0.7365,21.0,onion
cropped_59997_1.jpg,1.33,1.0,0.54,0.13,0.753,NA,onion
cropped_59997_2.jpg,0.88,1.0,0.77,1.0,0.7436,NA,onion
cropped_59997_3.jpg,0.93,1.0,0.78,1.0,0.7514,NA,onion
cropped_59112_1.jpg,1.0,1.0,0.96,0.99,0.7779,21.0,onion
cropped_59112_2.jpg,NA,NA,NA,NA,NA,21.0,onion
cropped_59112_3.jpg,NA,NA,NA,NA,NA,21.0,onion
cropped_00096_1.jpg,0.73,1.0,0.53,0.11,0.6884,19.0,onion
cropped_00096_2.jpg,0.7,1.0,0.52,0.14,0.6582,19.0,onion
cropped_00096_3.jpg,3.79,1.0,0.52,0.28,0.4829,19.0,onion
cropped_06569_1.jpg,1.53,1.0,0.94,0.85,0.7402,17.0,onion
cropped_06569_2.jpg,0.69,1.0,0.89,0.85,0.7587,17.0,onion
cropped_06569_3.jpg,0.76,1.0,0.98,1.0,0.7639,17.0,onion
cropped_06571_1.jpg,0.44,1.0,0.96,1.0,0.6546,17.0,tent
cropped_06571_2.jpg,0.79,1.0,0.99,1.0,0.7659,17.0,tent
cropped_06571_3.jpg,0.49,1.0,0.99,1.0,0.6756,17.0,tent
cropped_45183_1.jpg,NA,NA,NA,NA,NA,18.0,NA
cropped_45183_2.jpg,NA,NA,NA,NA,NA,18.0,NA
cropped_45183_3.jpg,NA,NA,NA,NA,NA,18.0,NA
cropped_06553_1.jpg,0.95,1.0,0.65,0.16,0.7501,18.0,NA
cropped_06553_2.jpg,NA,NA,NA,NA,NA,18.0,NA
cropped_06553_3.jpg,NA,NA,NA,NA,NA,18.0,NA
cropped_40126_1.jpg,NA,NA,NA,NA,NA,17.0,NA
cropped_40126_2.jpg,NA,NA,NA,NA,NA,17.0,NA
cropped_40126_3.jpg,NA,NA,NA,NA,NA,17.0,NA
cropped_34044_1.jpg,2.47,1.0,0.95,0.88,0.6159,19.0,NA
cropped_34044_2.jpg,NA,NA,NA,NA,NA,19.0,NA
cropped_34044_3.jpg,NA,NA,NA,NA,NA,19.0,NA
cropped_00091_1.jpg,1.24,1.0,0.69,0.44,0.7662,18.0,onion
cropped_00091_2.jpg,1.0,1.0,0.69,0.47,0.7922,18.0,onion
cropped_00091_3.jpg,0.98,1.0,0.7,0.51,0.7915,18.0,onion
cropped_23390_1.jpg,0.63,1.0,0.75,0.44,0.7098,19.0,onion
cropped_23390_2.jpg,1.24,1.0,0.64,0.31,0.7505,19.0,onion
cropped_23390_3.jpg,0.56,1.0,0.99,0.99,0.7071,19.0,onion
cropped_06568_1.jpg,0.75,1.0,0.8,0.66,0.7723,18.0,onion
cropped_06568_2.jpg,1.15,1.0,0.99,1.0,0.7739,18.0,onion
cropped_06568_3.jpg,0.91,1.0,0.78,0.46,0.7776,18.0,onion
cropped_00093_1.jpg,1.08,1.0,0.98,0.99,0.7768,18.0,onion
cropped_00093_2.jpg,0.75,1.0,0.66,0.28,0.7666,18.0,onion
cropped_00093_3.jpg,0.41,1.0,0.7,0.27,0.6374,18.0,onion
cropped_06572_1.jpg,3.23,1.0,0.48,0.11,0.5046,17.0,onion
cropped_06572_2.jpg,0.65,1.0,0.99,1.0,0.7391,17.0,onion
cropped_06572_3.jpg,1.63,1.0,0.54,0.54,0.5986,17.0,onion
cropped_12762_1.jpg,1.68,1.0,0.78,0.53,0.7282,19.0,NA
cropped_12762_2.jpg,NA,NA,NA,NA,NA,19.0,NA
cropped_12762_3.jpg,NA,NA,NA,NA,NA,19.0,NA
cropped_05919_1.jpg,0.65,1.0,0.99,1.0,0.7383,18.0,tent
cropped_05919_2.jpg,0.47,1.0,1.0,1.0,0.6632,18.0,tent
cropped_05919_3.jpg,0.42,1.0,0.58,0.14,0.6146,18.0,tent
cropped_05126_1.jpg,1.41,1.0,0.83,0.59,0.7405,19.0,NA
cropped_05126_2.jpg,1.36,1.0,0.97,0.99,0.7572,19.0,NA
cropped_05126_3.jpg,1.22,1.0,0.99,1.0,0.7698,19.0,NA
cropped_05098_1.jpg,0.54,1.0,0.99,0.99,0.6976,16.0,helmet
cropped_05098_2.jpg,0.83,1.0,0.63,0.16,0.7388,16.0,helmet
cropped_05098_3.jpg,0.91,1.0,0.97,0.99,0.7754,16.0,helmet
cropped_05097_1.jpg,2.13,1.0,0.76,0.78,0.6878,16.0,helmet
cropped_05097_2.jpg,0.53,1.0,0.78,0.32,0.7096,16.0,helmet
cropped_05097_3.jpg,2.16,1.0,0.69,0.4,0.6663,16.0,helmet
cropped_08133_1.jpg,1.23,1.0,0.99,1.0,0.7688,19.0,onion
cropped_08133_2.jpg,0.99,1.0,0.99,1.0,0.7781,19.0,onion
cropped_08133_3.jpg,0.71,1.0,0.84,0.95,0.7374,19.0,onion
cropped_05125_1.jpg,0.5,1.0,0.65,0.32,0.6346,17.0,onion
cropped_05125_2.jpg,2.7,1.0,0.92,0.95,0.5936,17.0,onion
cropped_05125_3.jpg,0.81,1.0,0.99,0.99,0.769,17.0,onion
cropped_09679_1.jpg,1.4,1.0,0.99,1.0,0.7534,19.0,helmet
cropped_09679_2.jpg,0.85,1.0,0.99,1.0,0.7726,19.0,helmet
cropped_09679_3.jpg,1.39,1.0,0.95,0.99,0.7537,19.0,helmet
cropped_00930_1.jpg,1.47,1.0,0.93,0.91,0.7409,17.0,tent
cropped_00930_2.jpg,0.53,1.0,0.57,0.17,0.6821,17.0,tent
cropped_00930_3.jpg,0.75,1.0,0.67,0.15,0.7475,17.0,tent
cropped_00928_1.jpg,0.46,1.0,0.65,0.15,0.6489,18.0,onion
cropped_00928_2.jpg,1.22,1.0,0.62,0.83,0.7173,18.0,onion
cropped_00928_3.jpg,0.45,1.0,0.66,0.15,0.6423,18.0,onion
cropped_03193_1.jpg,0.56,1.0,0.51,0.14,0.6032,17.0,helmet
cropped_03193_2.jpg,0.8,1.0,0.98,0.99,0.7668,17.0,helmet
cropped_03193_3.jpg,7.36,1.0,0.88,0.99,0.1627,17.0,helmet
cropped_05102_1.jpg,0.42,1.0,0.67,0.22,0.6679,17.0,onion
cropped_05102_2.jpg,0.65,1.0,0.69,0.18,0.7492,17.0,onion
cropped_05102_3.jpg,0.51,1.0,0.65,0.18,0.6874,17.0,onion
cropped_01705_1.jpg,0.48,1.0,0.81,0.4,0.6891,18.0,onion
cropped_01705_2.jpg,0.68,1.0,0.99,1.0,0.7465,18.0,onion
cropped_01705_3.jpg,0.67,1.0,0.85,0.7,0.7324,18.0,onion
cropped_05870_1.jpg,1.02,1.0,0.71,0.18,0.7309,18.0,tent
cropped_05870_2.jpg,0.98,1.0,0.52,0.11,0.7027,18.0,tent
cropped_05870_3.jpg,0.94,1.0,0.48,0.12,0.713,18.0,tent
cropped_09241_1.jpg,0.6,1.0,0.87,0.91,0.7266,NA,onion
cropped_09241_2.jpg,0.92,1.0,0.94,1.0,0.7767,NA,onion
cropped_09241_3.jpg,0.4,1.0,0.69,0.17,0.622,NA,onion
cropped_05923_1.jpg,0.53,1.0,0.76,0.87,0.719,18.0,onion
cropped_05923_2.jpg,0.42,1.0,0.66,0.16,0.6513,18.0,onion
cropped_05923_3.jpg,1.03,1.0,0.61,0.17,0.7795,18.0,onion
cropped_00937_1.jpg,0.5,1.0,0.65,0.18,0.7003,18.0,onion
cropped_00937_2.jpg,0.46,1.0,0.61,0.21,0.6832,18.0,onion
cropped_00937_3.jpg,0.33,1.0,0.63,0.21,0.5453,18.0,onion
cropped_00199_1.jpg,0.54,1.0,0.59,0.14,0.6556,NA,onion
cropped_00199_2.jpg,0.62,1.0,0.6,0.14,0.6896,NA,onion
cropped_00199_3.jpg,0.71,1.0,0.72,0.23,0.7571,NA,onion
cropped_01860_1.jpg,0.57,1.0,0.99,1.0,0.7117,16.0,helmet
cropped_01860_2.jpg,0.91,1.0,0.76,0.26,0.7863,16.0,helmet
cropped_01860_3.jpg,0.81,1.0,0.58,0.14,0.7436,16.0,helmet
cropped_00938_1.jpg,1.23,1.0,0.85,0.99,0.7612,NA,tent
cropped_00938_2.jpg,0.39,1.0,0.65,0.16,0.6076,NA,tent
cropped_00938_3.jpg,1.0,1.0,0.66,0.55,0.7786,NA,tent
cropped_00198_1.jpg,0.67,1.0,0.58,0.15,0.7293,18.0,onion
cropped_00198_2.jpg,0.57,1.0,0.58,0.14,0.6901,18.0,onion
cropped_00198_3.jpg,0.77,1.0,0.59,0.12,0.7392,18.0,onion
cropped_00935_1.jpg,0.24,1.0,0.77,0.73,0.4188,18.0,onion
cropped_00935_2.jpg,0.31,1.0,0.69,0.26,0.5294,18.0,onion
cropped_00935_3.jpg,0.31,1.0,0.76,0.56,0.5077,18.0,onion
cropped_32471_1.jpg,0.95,1.0,0.86,1.0,0.7798,17.0,tent
cropped_32471_2.jpg,1.78,1.0,0.88,0.68,0.7058,17.0,tent
cropped_32471_3.jpg,0.6,1.0,0.55,0.19,0.6249,17.0,tent
cropped_00925_1.jpg,0.76,1.0,0.58,0.79,0.7237,18.0,onion
cropped_00925_2.jpg,0.56,1.0,0.99,0.99,0.7087,18.0,onion
cropped_00925_3.jpg,0.56,1.0,0.78,0.99,0.686,18.0,onion
cropped_00934_1.jpg,0.71,1.0,0.63,0.62,0.721,18.0,onion
cropped_00934_2.jpg,0.44,1.0,0.5,0.11,0.5664,18.0,onion
cropped_00934_3.jpg,0.34,1.0,0.99,0.99,0.5612,18.0,onion
cropped_02942_1.jpg,0.3,1.0,0.76,0.39,0.5089,18.0,onion
cropped_02942_2.jpg,1.08,1.0,0.99,1.0,0.777,18.0,onion
cropped_02942_3.jpg,0.59,1.0,1.0,1.0,0.7213,18.0,onion
cropped_06931_1.jpg,0.47,1.0,0.99,1.0,0.6654,18.0,tent
cropped_06931_2.jpg,0.58,1.0,0.56,0.13,0.6484,18.0,tent
cropped_06931_3.jpg,0.71,1.0,0.63,0.15,0.7383,18.0,tent
cropped_02356_1.jpg,1.21,1.0,0.72,0.34,0.77,18.0,helmet
cropped_02356_2.jpg,0.84,1.0,0.67,0.3,0.746,18.0,helmet
cropped_02356_3.jpg,0.56,1.0,0.73,0.48,0.691,18.0,helmet
cropped_00197_1.jpg,0.51,1.0,0.5,0.1,0.5913,NA,onion
cropped_00197_2.jpg,0.78,1.0,0.99,0.99,0.7646,NA,onion
cropped_00197_3.jpg,0.57,1.0,0.52,0.1,0.6347,NA,onion
cropped_14595_1.jpg,1.3,1.0,0.56,0.11,0.7244,19.0,tent
cropped_14595_2.jpg,1.6,1.0,0.58,0.12,0.6941,19.0,tent
cropped_14595_3.jpg,1.24,1.0,0.53,0.11,0.7219,19.0,tent
cropped_05095_1.jpg,1.21,1.0,0.58,0.12,0.731,17.0,onion
cropped_05095_2.jpg,1.1,1.0,0.97,0.99,0.7771,17.0,onion
cropped_05095_3.jpg,0.92,1.0,0.61,0.16,0.7377,17.0,onion
cropped_05922_1.jpg,0.36,1.0,0.62,0.16,0.5983,17.0,onion
cropped_05922_2.jpg,0.75,1.0,0.72,0.53,0.7627,17.0,onion
cropped_05922_3.jpg,0.43,1.0,0.98,1.0,0.6371,17.0,onion
cropped_03197_1.jpg,0.63,1.0,0.55,0.2,0.6369,18.0,onion
cropped_03197_2.jpg,0.83,1.0,0.58,0.12,0.7271,18.0,onion
cropped_03197_3.jpg,1.23,1.0,0.49,0.1,0.7139,18.0,onion
cropped_02355_1.jpg,0.46,1.0,0.74,0.34,0.6464,19.0,helmet
cropped_02355_2.jpg,0.37,1.0,0.63,0.41,0.5664,19.0,helmet
cropped_02355_3.jpg,1.07,1.0,0.64,0.32,0.7479,19.0,helmet
cropped_00924_1.jpg,0.24,1.0,0.62,0.39,0.3907,18.0,tent
cropped_00924_2.jpg,2.05,1.0,0.83,0.71,0.6833,18.0,tent
cropped_00924_3.jpg,0.54,1.0,0.99,1.0,0.6978,18.0,tent
cropped_01769_1.jpg,0.45,1.0,0.7,0.19,0.6604,20.0,onion
cropped_01769_2.jpg,0.45,1.0,0.68,0.18,0.6528,20.0,onion
cropped_01769_3.jpg,0.67,1.0,0.72,0.25,0.7457,20.0,onion
cropped_02316_1.jpg,0.78,1.0,0.97,0.99,0.7667,20.0,onion
cropped_02316_2.jpg,0.62,1.0,0.78,0.62,0.7282,20.0,onion
cropped_02316_3.jpg,0.65,1.0,0.81,0.97,0.6961,20.0,onion
cropped_01842_1.jpg,0.54,1.0,0.89,0.67,0.6899,18.0,tent
cropped_01842_2.jpg,1.22,1.0,0.88,1.0,0.7717,18.0,tent
cropped_01842_3.jpg,0.51,1.0,0.88,1.0,0.6998,18.0,tent
cropped_61886_1.jpg,0.92,1.0,0.82,0.5,0.785,19.0,helmet
cropped_61886_2.jpg,0.59,1.0,0.73,0.25,0.721,19.0,helmet
cropped_61886_3.jpg,NA,NA,NA,NA,NA,19.0,helmet
cropped_43106_1.jpg,0.37,1.0,0.6,0.16,0.5271,17.0,NA
cropped_43106_2.jpg,NA,NA,NA,NA,NA,17.0,NA
cropped_43106_3.jpg,NA,NA,NA,NA,NA,17.0,NA
cropped_06564_1.jpg,0.93,1.0,0.64,0.28,0.7702,20.0,tent
cropped_06564_2.jpg,1.9,1.0,0.59,0.26,0.6352,20.0,tent
cropped_06564_3.jpg,1.04,1.0,0.99,1.0,0.7779,20.0,tent
cropped_20042_1.jpg,1.77,1.0,0.56,0.15,0.7009,20.0,onion
cropped_20042_2.jpg,0.57,1.0,0.75,0.37,0.7094,20.0,onion
cropped_20042_3.jpg,2.68,1.0,0.71,0.18,0.5593,20.0,onion
cropped_02747_1.jpg,1.01,1.0,0.55,0.14,0.7522,21.0,helmet
cropped_02747_2.jpg,1.07,1.0,0.99,1.0,0.7771,21.0,helmet
cropped_02747_3.jpg,1.14,1.0,0.62,0.38,0.7417,21.0,helmet
cropped_01883_1.jpg,0.99,1.0,0.7,0.23,0.7717,21.0,onion
cropped_01883_2.jpg,1.02,1.0,0.71,0.23,0.7699,21.0,onion
cropped_01883_3.jpg,NA,NA,NA,NA,NA,21.0,onion
cropped_02749_1.jpg,0.81,1.0,0.99,1.0,0.769,19.0,onion
cropped_02749_2.jpg,0.42,1.0,0.67,0.34,0.583,19.0,onion
cropped_02749_3.jpg,0.86,1.0,0.98,1.0,0.7738,19.0,onion
cropped_13642_1.jpg,2.51,1.0,0.84,0.35,0.5709,21.0,NA
cropped_13642_2.jpg,2.06,1.0,0.99,1.0,0.6725,21.0,NA
cropped_13642_3.jpg,NA,NA,NA,NA,NA,21.0,NA
cropped_01926_1.jpg,0.79,1.0,0.8,0.25,0.7774,18.0,onion
cropped_01926_2.jpg,0.53,1.0,0.58,0.18,0.6146,18.0,onion
cropped_01926_3.jpg,0.82,1.0,0.57,0.12,0.7296,18.0,onion
cropped_15745_1.jpg,0.7,1.0,0.83,0.88,0.7511,21.0,onion
cropped_15745_2.jpg,1.01,1.0,0.82,0.39,0.7622,21.0,onion
cropped_15745_3.jpg,NA,NA,NA,NA,NA,21.0,onion
cropped_00994_1.jpg,0.85,1.0,0.6,0.17,0.7705,18.0,helmet
cropped_00994_2.jpg,0.85,1.0,0.72,0.99,0.7499,18.0,helmet
cropped_00994_3.jpg,0.85,1.0,0.82,0.33,0.7652,18.0,helmet
cropped_61885_1.jpg,0.41,1.0,0.66,0.16,0.6117,12.0,tent
cropped_61885_2.jpg,NA,NA,NA,NA,NA,12.0,tent
cropped_61885_3.jpg,NA,NA,NA,NA,NA,12.0,tent
cropped_01801_1.jpg,0.62,1.0,0.94,0.99,0.734,18.0,onion
cropped_01801_2.jpg,0.51,1.0,0.69,0.18,0.6874,18.0,onion
cropped_01801_3.jpg,0.61,1.0,0.68,0.2,0.7151,18.0,onion
cropped_15558_1.jpg,1.27,1.0,0.82,0.82,0.7784,21.0,onion
cropped_15558_2.jpg,0.86,1.0,0.93,0.99,0.7795,21.0,onion
cropped_15558_3.jpg,1.04,1.0,0.67,0.5,0.7327,21.0,onion
cropped_08206_1.jpg,1.29,1.0,0.84,0.88,0.7458,21.0,onion
cropped_08206_2.jpg,0.44,1.0,0.75,0.27,0.6416,21.0,onion
cropped_08206_3.jpg,1.3,1.0,0.92,0.73,0.7533,21.0,onion
cropped_40703_1.jpg,0.87,1.0,0.83,0.8,0.7799,18.0,NA
cropped_40703_2.jpg,NA,NA,NA,NA,NA,18.0,NA
cropped_40703_3.jpg,NA,NA,NA,NA,NA,18.0,NA
cropped_43104_1.jpg,NA,NA,NA,NA,NA,18.0,NA
cropped_43104_2.jpg,NA,NA,NA,NA,NA,18.0,NA
cropped_43104_3.jpg,NA,NA,NA,NA,NA,18.0,NA
cropped_01845_1.jpg,0.58,1.0,0.63,0.42,0.6933,18.0,tent
cropped_01845_2.jpg,0.48,1.0,0.98,1.0,0.6722,18.0,tent
cropped_01845_3.jpg,0.71,1.0,1.0,1.0,0.7536,18.0,tent
cropped_43119_1.jpg,0.57,1.0,0.99,1.0,0.7142,21.0,onion
cropped_43119_2.jpg,0.43,1.0,0.57,0.25,0.5325,21.0,onion
cropped_43119_3.jpg,0.93,1.0,0.79,0.55,0.773,21.0,onion
cropped_05408_1.jpg,0.27,1.0,0.7,0.26,0.4271,14.0,NA
cropped_05408_2.jpg,0.37,1.0,0.66,0.23,0.5319,14.0,NA
cropped_05408_3.jpg,0.41,1.0,0.63,0.2,0.5599,14.0,NA
cropped_05331_1.jpg,1.1,1.0,0.99,0.99,0.776,13.0,helmet
cropped_05331_2.jpg,1.2,1.0,0.99,0.99,0.771,13.0,helmet
cropped_05331_3.jpg,1.34,1.0,0.56,0.17,0.7316,13.0,helmet
cropped_15704_1.jpg,0.79,1.0,0.76,0.63,0.7621,21.0,onion
cropped_15704_2.jpg,1.41,1.0,0.85,0.5,0.73,21.0,onion
cropped_15704_3.jpg,0.97,1.0,0.61,0.17,0.6809,21.0,onion
cropped_15744_1.jpg,NA,NA,NA,NA,NA,20.0,NA
cropped_15744_2.jpg,NA,NA,NA,NA,NA,20.0,NA
cropped_15744_3.jpg,NA,NA,NA,NA,NA,20.0,NA
cropped_06212_1.jpg,1.3,1.0,0.5,0.11,0.7197,19.0,tent
cropped_06212_2.jpg,1.56,1.0,0.68,0.19,0.7241,19.0,tent
cropped_06212_3.jpg,0.78,1.0,0.67,0.34,0.7175,19.0,tent
cropped_02313_1.jpg,0.45,1.0,0.67,0.18,0.6648,19.0,onion
cropped_02313_2.jpg,0.44,1.0,0.68,0.18,0.6586,19.0,onion
cropped_02313_3.jpg,0.9,1.0,0.7,0.17,0.7664,19.0,onion
cropped_12860_1.jpg,1.79,1.0,0.8,0.57,0.7242,21.0,tent
cropped_12860_2.jpg,0.87,1.0,0.92,0.99,0.7818,21.0,tent
cropped_12860_3.jpg,0.46,1.0,0.62,0.29,0.5742,21.0,tent
cropped_16405_1.jpg,3.32,1.0,0.49,0.33,0.4734,20.0,NA
cropped_16405_2.jpg,NA,NA,NA,NA,NA,20.0,NA
cropped_16405_3.jpg,NA,NA,NA,NA,NA,20.0,NA
cropped_01779_1.jpg,0.59,1.0,0.57,0.2,0.716,18.0,onion
cropped_01779_2.jpg,0.65,1.0,0.71,0.26,0.7301,18.0,onion
cropped_01779_3.jpg,0.69,1.0,0.98,0.97,0.7461,18.0,onion
cropped_56727_1.jpg,1.06,1.0,1.0,1.0,0.7774,21.0,onion
cropped_56727_2.jpg,0.9,1.0,0.94,0.99,0.7721,21.0,onion
cropped_56727_3.jpg,0.8,1.0,0.73,0.24,0.7581,21.0,onion
cropped_51120_1.jpg,0.7,1.0,0.99,0.99,0.7516,21.0,onion
cropped_51120_2.jpg,0.68,1.0,0.75,0.41,0.7585,21.0,onion
cropped_51120_3.jpg,NA,NA,NA,NA,NA,21.0,onion
cropped_16406_1.jpg,2.33,1.0,0.93,1.0,0.6207,20.0,NA
cropped_16406_2.jpg,NA,NA,NA,NA,NA,20.0,NA
cropped_16406_3.jpg,NA,NA,NA,NA,NA,20.0,NA
cropped_00187_1.jpg,1.77,1.0,0.56,0.11,0.6632,20.0,helmet
cropped_00187_2.jpg,1.06,1.0,0.99,0.99,0.7783,20.0,helmet
cropped_00187_3.jpg,0.71,1.0,0.6,0.28,0.6771,20.0,helmet
cropped_51228_1.jpg,0.79,1.0,0.68,0.18,0.753,18.0,onion
cropped_51228_2.jpg,NA,NA,NA,NA,NA,18.0,onion
cropped_51228_3.jpg,NA,NA,NA,NA,NA,18.0,onion
cropped_62351_1.jpg,1.18,1.0,0.76,0.99,0.7532,21.0,NA
cropped_62351_2.jpg,NA,NA,NA,NA,NA,21.0,NA
cropped_62351_3.jpg,NA,NA,NA,NA,NA,21.0,NA
cropped_00188_1.jpg,1.14,1.0,0.75,0.62,0.7592,12.0,helmet
cropped_00188_2.jpg,0.81,1.0,0.99,0.99,0.7685,12.0,helmet
cropped_00188_3.jpg,1.05,1.0,0.8,0.97,0.7714,12.0,helmet
cropped_43105_1.jpg,0.75,1.0,0.49,0.1,0.679,18.0,NA
cropped_43105_2.jpg,NA,NA,NA,NA,NA,18.0,NA
cropped_43105_3.jpg,NA,NA,NA,NA,NA,18.0,NA
cropped_10113_1.jpg,0.51,1.0,0.66,0.42,0.5988,21.0,onion
cropped_10113_2.jpg,0.54,1.0,0.63,0.15,0.6732,21.0,onion
cropped_10113_3.jpg,0.41,1.0,0.61,0.35,0.5625,21.0,onion
cropped_20766_1.jpg,4.83,1.0,0.52,0.1,0.3544,18.0,NA
cropped_20766_2.jpg,NA,NA,NA,NA,NA,18.0,NA
cropped_20766_3.jpg,NA,NA,NA,NA,NA,18.0,NA
cropped_45498_1.jpg,0.66,1.0,0.67,0.18,0.7558,17.0,onion
cropped_45498_2.jpg,0.43,1.0,0.54,0.11,0.5599,17.0,onion
cropped_45498_3.jpg,1.27,1.0,0.92,1.0,0.7558,17.0,onion
cropped_46084_1.jpg,1.06,1.0,0.61,0.14,0.7414,NA,onion
cropped_46084_2.jpg,0.94,1.0,0.59,0.15,0.7367,NA,onion
cropped_46084_3.jpg,0.79,1.0,0.65,0.18,0.7545,NA,onion
cropped_23825_1.jpg,1.93,1.0,0.78,0.4,0.6895,19.0,NA
cropped_23825_2.jpg,NA,NA,NA,NA,NA,19.0,NA
cropped_23825_3.jpg,NA,NA,NA,NA,NA,19.0,NA
cropped_53605_1.jpg,1.31,1.0,0.74,0.58,0.7667,21.0,onion
cropped_53605_2.jpg,1.22,1.0,0.79,0.37,0.7605,21.0,onion
cropped_53605_3.jpg,NA,NA,NA,NA,NA,21.0,onion
cropped_20768_1.jpg,3.15,1.0,0.62,0.22,0.4197,19.0,NA
cropped_20768_2.jpg,3.09,1.0,0.99,0.98,0.5482,19.0,NA
cropped_20768_3.jpg,2.7,1.0,0.84,0.69,0.6055,19.0,NA
cropped_00578_1.jpg,1.62,1.0,0.79,0.54,0.739,17.0,onion
cropped_00578_2.jpg,0.63,1.0,0.58,0.12,0.6925,17.0,onion
cropped_00578_3.jpg,1.0,1.0,0.61,0.13,0.7596,17.0,onion
cropped_37969_1.jpg,1.13,1.0,0.69,0.18,0.7477,17.0,onion
cropped_37969_2.jpg,0.48,1.0,0.54,0.15,0.6509,17.0,onion
cropped_37969_3.jpg,0.85,1.0,0.62,0.16,0.7452,17.0,onion
cropped_00587_1.jpg,0.38,1.0,0.66,0.47,0.6038,19.0,onion
cropped_00587_2.jpg,0.87,1.0,0.99,1.0,0.7738,19.0,onion
cropped_00587_3.jpg,0.62,1.0,0.67,0.22,0.6985,19.0,onion
cropped_20018_1.jpg,2.15,1.0,0.87,0.61,0.6559,21.0,NA
cropped_20018_2.jpg,NA,NA,NA,NA,NA,21.0,NA
cropped_20018_3.jpg,NA,NA,NA,NA,NA,21.0,NA
cropped_13876_1.jpg,0.69,1.0,0.62,0.26,0.741,18.0,onion
cropped_13876_2.jpg,0.71,1.0,0.76,0.21,0.7632,18.0,onion
cropped_13876_3.jpg,1.13,1.0,0.99,1.0,0.7751,18.0,onion
cropped_19135_1.jpg,1.68,1.0,0.69,0.17,0.6622,18.0,NA
cropped_19135_2.jpg,NA,NA,NA,NA,NA,18.0,NA
cropped_19135_3.jpg,NA,NA,NA,NA,NA,18.0,NA
cropped_18362_1.jpg,0.85,1.0,0.52,0.11,0.7164,18.0,NA
cropped_18362_2.jpg,NA,NA,NA,NA,NA,18.0,NA
cropped_18362_3.jpg,NA,NA,NA,NA,NA,18.0,NA
cropped_20083_1.jpg,1.31,1.0,0.82,0.84,0.7699,21.0,onion
cropped_20083_2.jpg,7.92,1.0,0.72,0.24,0.0978,21.0,onion
cropped_20083_3.jpg,1.42,1.0,0.51,0.1,0.7046,21.0,onion
cropped_18360_1.jpg,0.63,1.0,0.93,0.9,0.7294,21.0,onion
cropped_18360_2.jpg,1.5,1.0,0.69,0.28,0.7336,21.0,onion
cropped_18360_3.jpg,0.68,1.0,0.9,1.0,0.7366,21.0,onion
cropped_42922_1.jpg,0.56,1.0,0.57,0.22,0.713,20.0,onion
cropped_42922_2.jpg,1.21,1.0,0.6,0.24,0.7368,20.0,onion
cropped_42922_3.jpg,NA,NA,NA,NA,NA,20.0,onion
cropped_57080_1.jpg,3.66,1.0,0.99,1.0,0.4838,20.0,NA
cropped_57080_2.jpg,4.75,1.0,0.98,1.0,0.3852,20.0,NA
cropped_57080_3.jpg,NA,NA,NA,NA,NA,20.0,NA
cropped_01104_1.jpg,2.23,1.0,0.83,0.37,0.6065,17.0,NA
cropped_01104_2.jpg,1.42,1.0,0.48,0.42,0.5861,17.0,NA
cropped_01104_3.jpg,1.59,1.0,0.8,0.34,0.6965,17.0,NA
cropped_20314_1.jpg,3.48,1.0,0.85,0.99,0.4935,19.0,NA
cropped_20314_2.jpg,5.02,1.0,0.73,0.95,0.3884,19.0,NA
cropped_20314_3.jpg,4.67,1.0,0.99,1.0,0.388,19.0,NA
cropped_20170_1.jpg,4.08,1.0,0.87,0.72,0.4581,17.0,NA
cropped_20170_2.jpg,2.68,1.0,0.93,0.78,0.6019,17.0,NA
cropped_20170_3.jpg,2.38,1.0,0.86,0.63,0.6333,17.0,NA
cropped_62431_1.jpg,NA,NA,NA,NA,NA,18.0,NA
cropped_62431_2.jpg,NA,NA,NA,NA,NA,18.0,NA
cropped_62431_3.jpg,NA,NA,NA,NA,NA,18.0,NA
cropped_20309_1.jpg,4.85,1.0,0.69,0.41,0.293,19.0,NA
cropped_20309_2.jpg,5.23,1.0,0.74,0.22,0.2688,19.0,NA
cropped_20309_3.jpg,4.73,1.0,0.74,0.38,0.3299,19.0,NA
cropped_62588_1.jpg,NA,NA,NA,NA,NA,17.0,NA
cropped_62588_2.jpg,NA,NA,NA,NA,NA,17.0,NA
cropped_62588_3.jpg,NA,NA,NA,NA,NA,17.0,NA
cropped_00576_1.jpg,2.63,1.0,0.66,0.26,0.6081,19.0,onion
cropped_00576_2.jpg,1.36,1.0,0.54,0.1,0.7106,19.0,onion
cropped_00576_3.jpg,1.91,1.0,0.59,0.16,0.6604,19.0,onion
cropped_00211_1.jpg,0.35,1.0,0.58,0.13,0.5317,17.0,tent
cropped_00211_2.jpg,0.44,1.0,0.58,0.29,0.5445,17.0,tent
cropped_00211_3.jpg,0.49,1.0,0.99,1.0,0.6728,17.0,tent
cropped_35020_1.jpg,0.63,1.0,0.56,0.09,0.6849,17.0,onion
cropped_35020_2.jpg,0.66,1.0,0.72,0.29,0.7362,17.0,onion
cropped_35020_3.jpg,NA,NA,NA,NA,NA,17.0,onion
cropped_00599_1.jpg,0.59,1.0,0.69,0.75,0.6549,19.0,onion
cropped_00599_2.jpg,1.07,1.0,0.81,0.7,0.7921,19.0,onion
cropped_00599_3.jpg,1.62,1.0,0.68,0.52,0.7012,19.0,onion
cropped_20315_1.jpg,3.47,1.0,0.63,0.15,0.4794,17.0,NA
cropped_20315_2.jpg,4.8,1.0,0.78,0.3,0.3299,17.0,NA
cropped_20315_3.jpg,2.61,1.0,0.99,1.0,0.6036,17.0,NA
cropped_35011_1.jpg,1.07,1.0,0.82,0.76,0.7724,17.0,onion
cropped_35011_2.jpg,0.71,1.0,0.99,1.0,0.7524,17.0,onion
cropped_35011_3.jpg,NA,NA,NA,NA,NA,17.0,onion
cropped_62383_1.jpg,NA,NA,NA,NA,NA,19.0,NA
cropped_62383_2.jpg,NA,NA,NA,NA,NA,19.0,NA
cropped_62383_3.jpg,NA,NA,NA,NA,NA,19.0,NA
cropped_30896_1.jpg,0.9,1.0,0.56,0.18,0.6757,20.0,onion
cropped_30896_2.jpg,0.74,1.0,0.76,0.36,0.7451,20.0,onion
cropped_30896_3.jpg,NA,NA,NA,NA,NA,20.0,onion
cropped_59314_1.jpg,1.56,1.0,0.74,0.19,0.7141,17.0,onion
cropped_59314_2.jpg,0.82,1.0,0.61,0.15,0.7708,17.0,onion
cropped_59314_3.jpg,NA,NA,NA,NA,NA,17.0,onion
cropped_00582_1.jpg,1.07,1.0,0.54,0.11,0.7272,17.0,onion
cropped_00582_2.jpg,2.28,1.0,0.76,0.46,0.6614,17.0,onion
cropped_00582_3.jpg,2.17,1.0,0.48,0.1,0.6245,17.0,onion
cropped_15004_1.jpg,3.35,1.0,0.75,0.31,0.5126,19.0,NA
cropped_15004_2.jpg,0.45,1.0,0.92,0.96,0.6552,19.0,NA
cropped_15004_3.jpg,2.31,1.0,0.68,0.16,0.5992,19.0,NA
cropped_16926_1.jpg,1.62,1.0,0.99,1.0,0.729,17.0,NA
cropped_16926_2.jpg,1.88,1.0,0.67,1.0,0.6951,17.0,NA
cropped_16926_3.jpg,1.99,1.0,0.74,0.95,0.7067,17.0,NA
cropped_20771_1.jpg,2.97,1.0,0.87,0.98,0.5782,19.0,NA
cropped_20771_2.jpg,4.86,1.0,0.74,0.31,0.3425,19.0,NA
cropped_20771_3.jpg,3.05,1.0,0.96,1.0,0.5379,19.0,NA
cropped_39161_1.jpg,0.59,1.0,0.8,0.93,0.7143,17.0,onion
cropped_39161_2.jpg,0.82,1.0,0.62,0.18,0.7807,17.0,onion
cropped_39161_3.jpg,0.71,1.0,0.61,0.29,0.7632,17.0,onion
cropped_20304_1.jpg,4.59,1.0,0.89,0.57,0.3704,19.0,NA
cropped_20304_2.jpg,2.41,1.0,0.8,0.61,0.6391,19.0,NA
cropped_20304_3.jpg,NA,NA,NA,NA,NA,19.0,NA
cropped_00581_1.jpg,0.62,1.0,0.99,0.99,0.7293,19.0,onion
cropped_00581_2.jpg,0.49,1.0,0.83,0.97,0.6532,19.0,onion
cropped_00581_3.jpg,0.29,1.0,0.66,0.17,0.4811,19.0,onion
cropped_00586_1.jpg,3.16,1.0,0.79,0.49,0.5242,17.0,helmet
cropped_00586_2.jpg,2.92,1.0,0.6,0.13,0.5292,17.0,helmet
cropped_00586_3.jpg,1.2,1.0,1.0,1.0,0.771,17.0,helmet
cropped_00981_1.jpg,0.42,1.0,0.68,0.48,0.5888,17.0,onion
cropped_00981_2.jpg,0.39,1.0,0.66,0.26,0.5516,17.0,onion
cropped_00981_3.jpg,0.23,1.0,0.72,0.42,0.393,17.0,onion
cropped_19538_1.jpg,1.03,1.0,0.65,0.19,0.7897,21.0,onion
cropped_19538_2.jpg,1.07,1.0,0.7,0.32,0.7915,21.0,onion
cropped_19538_3.jpg,0.92,1.0,0.77,0.48,0.7847,21.0,onion
cropped_19535_1.jpg,4.4,1.0,0.72,0.25,0.3616,20.0,NA
cropped_19535_2.jpg,NA,NA,NA,NA,NA,20.0,NA
cropped_19535_3.jpg,NA,NA,NA,NA,NA,20.0,NA
cropped_61465_1.jpg,1.12,1.0,0.66,0.38,0.7541,17.0,onion
cropped_61465_2.jpg,NA,NA,NA,NA,NA,17.0,onion
cropped_61465_3.jpg,NA,NA,NA,NA,NA,17.0,onion
cropped_64373_1.jpg,NA,NA,NA,NA,NA,21.0,NA
cropped_64373_2.jpg,NA,NA,NA,NA,NA,21.0,NA
cropped_64373_3.jpg,NA,NA,NA,NA,NA,21.0,NA
cropped_38075_1.jpg,0.92,1.0,0.56,0.11,0.7261,17.0,tent
cropped_38075_2.jpg,0.63,1.0,0.99,0.99,0.7336,17.0,tent
cropped_38075_3.jpg,0.64,1.0,0.62,0.14,0.7063,17.0,tent
cropped_00580_1.jpg,0.66,1.0,0.78,0.26,0.7554,17.0,onion
cropped_00580_2.jpg,0.57,1.0,0.8,0.25,0.7375,17.0,onion
cropped_00580_3.jpg,0.61,1.0,0.72,0.22,0.7122,17.0,onion
cropped_05741_1.jpg,1.1,1.0,0.9,0.95,0.7778,19.0,onion
cropped_05741_2.jpg,1.55,1.0,0.51,0.11,0.7021,19.0,onion
cropped_05741_3.jpg,1.95,1.0,0.78,0.51,0.6863,19.0,onion
cropped_20769_1.jpg,0.45,1.0,0.79,0.54,0.627,20.0,onion
cropped_20769_2.jpg,NA,NA,NA,NA,NA,20.0,onion
cropped_20769_3.jpg,NA,NA,NA,NA,NA,20.0,onion
cropped_00584_1.jpg,0.65,1.0,0.63,0.2,0.6936,17.0,tent
cropped_00584_2.jpg,0.44,1.0,0.97,0.99,0.6492,17.0,tent
cropped_00584_3.jpg,0.61,1.0,0.95,1.0,0.7337,17.0,tent
cropped_18374_1.jpg,0.29,1.0,0.62,0.22,0.4675,19.0,onion
cropped_18374_2.jpg,0.63,1.0,0.69,0.25,0.7183,19.0,onion
cropped_18374_3.jpg,1.12,1.0,0.99,0.99,0.7755,19.0,onion
cropped_00215_1.jpg,1.07,1.0,0.73,0.22,0.779,17.0,onion
cropped_00215_2.jpg,0.83,1.0,0.68,0.23,0.7728,17.0,onion
cropped_00215_3.jpg,0.8,1.0,0.67,0.21,0.7653,17.0,onion
cropped_16927_1.jpg,3.04,1.0,0.77,0.33,0.5366,19.0,NA
cropped_16927_2.jpg,2.77,1.0,0.6,0.13,0.5482,19.0,NA
cropped_16927_3.jpg,1.73,1.0,0.98,1.0,0.7185,19.0,NA
cropped_05738_1.jpg,0.76,1.0,0.99,1.0,0.7617,17.0,onion
cropped_05738_2.jpg,1.0,1.0,0.89,0.63,0.7748,17.0,onion
cropped_05738_3.jpg,1.05,1.0,0.74,0.28,0.7814,17.0,onion
cropped_00585_1.jpg,0.31,1.0,0.83,0.89,0.5105,18.0,tent
cropped_00585_2.jpg,0.56,1.0,0.53,0.18,0.6019,18.0,tent
cropped_00585_3.jpg,0.55,1.0,0.63,0.14,0.6873,18.0,tent
cropped_09635_1.jpg,0.39,1.0,0.7,0.22,0.6021,18.0,tent
cropped_09635_2.jpg,0.33,1.0,0.65,0.15,0.5503,18.0,tent
cropped_09635_3.jpg,0.8,1.0,0.99,0.99,0.7682,18.0,tent
cropped_35009_1.jpg,1.89,1.0,0.6,0.19,0.6805,18.0,NA
cropped_35009_2.jpg,NA,NA,NA,NA,NA,18.0,NA
cropped_35009_3.jpg,NA,NA,NA,NA,NA,18.0,NA
cropped_53606_1.jpg,0.58,1.0,0.71,0.35,0.7168,21.0,onion
cropped_53606_2.jpg,0.79,1.0,0.69,0.28,0.7417,21.0,onion
cropped_53606_3.jpg,NA,NA,NA,NA,NA,21.0,onion
cropped_29300_1.jpg,0.9,1.0,0.8,0.5,0.7869,21.0,helmet
cropped_29300_2.jpg,1.13,1.0,0.9,0.66,0.7696,21.0,helmet
cropped_29300_3.jpg,0.69,1.0,0.84,0.64,0.7536,21.0,helmet
